Emma, 94
Liam, 89
Olivia, 92
Noah, 88
Ava, 91
Isabella, 95
Sophia, 93
Mia, 90
Ethan, 87
Aiden, 89
Amelia, 91
Harper, 88
Jackson, 85
Charlotte, 92
Lucas, 88
Sophia, 93
Olivia, 91
Michael, 86
Emily, 90
Liam, 89
Emma, 94
Mia, 92
Ava, 91
Benjamin, 87
Harper, 88
Amelia, 92
Elijah, 85
Olivia, 91
Ava, 90
Isabella, 95
Sophia, 93
Mia, 89
Ethan, 87
Aiden, 90
Jackson, 86
Lucas, 88
Emma, 94
Liam, 89
Olivia, 92
Noah, 88
Ava, 91
Isabella, 95
Sophia, 93
Mia, 90
Elijah, 87
Aiden, 89
Amelia, 91
Harper, 88
Jackson, 85
Charlotte, 92
Lucas, 88
Sophia, 93
Olivia, 91
Michael, 86
Emily, 90
Liam, 89
Emma, 94
Mia, 92
Ava, 91
Benjamin, 87
Harper, 88
Amelia, 92
Elijah, 85
Olivia, 91
Ava, 90
Isabella, 95
Sophia, 93
Mia, 89
Ethan, 87
Aiden, 90
Jackson, 86
Lucas, 88
Emma, 94
Liam, 89
Olivia, 92
Noah, 88
Ava, 91
Isabella, 95
Sophia, 93
Mia, 90
Elijah, 87
Aiden, 89
Amelia, 91
Harper, 88
Jackson, 85
Charlotte, 92
Lucas, 88
Sophia, 93
Olivia, 91
Michael, 86
Emily, 90
Liam, 89
Emma, 94
Mia, 92
Ava, 91
Benjamin, 87
Harper, 88
Amelia, 92
Elijah, 85
Olivia, 91
